﻿<parameters>
  <parameter name="IIS Web Application Name" defaultValue="Default Web Site/MvcIMO4_deploy" tags="IisApp">
    <parameterEntry kind="ProviderPath" scope="IisApp" match="^D:\\www\.imo4\.com\\MvcIMO4\\MvcIMO4\\obj\\Debug\\Package\\PackageTmp$" />
    <parameterEntry kind="ProviderPath" scope="setAcl" match="^D:\\www\.imo4\.com\\MvcIMO4\\MvcIMO4\\obj\\Debug\\Package\\PackageTmp$" />
  </parameter>
  <parameter name="Add write permission to App_Data Folder" description="Add write permission to App_Data folder" defaultValue="{IIS Web Application Name}/App_Data" tags="Hidden">
    <parameterEntry kind="ProviderPath" scope="setAcl" match="^D:\\www\.imo4\.com\\MvcIMO4\\MvcIMO4\\obj\\Debug\\Package\\PackageTmp\\App_Data$" />
  </parameter>
  <parameter name="ApplicationServices-Web.config Connection String" description="ApplicationServices Connection String used in web.config by the application to access the database." defaultValue="data source=.\SQLEXPRESS;Integrated Security=SSPI;AttachDBFilename=|DataDirectory|imo4.mdf;User Instance=true" tags="SqlConnectionString">
    <parameterEntry kind="XmlFile" scope="obj\\Debug\\Package\\PackageTmp\\Web\.config$" match="/configuration/connectionStrings/add[@name='ApplicationServices']/@connectionString" />
  </parameter>
  <parameter name="imo4Entities-Web.config Connection String" description="imo4Entities Connection String used in web.config by the application to access the database." defaultValue="metadata=res://*/Models.Model1.csdl|res://*/Models.Model1.ssdl|res://*/Models.Model1.msl;provider=System.Data.SqlClient;provider connection string=&quot;Data Source=.\SQLEXPRESS;AttachDbFilename=|DataDirectory|\imo4.mdf;Integrated Security=True;User Instance=True;MultipleActiveResultSets=True&quot;" tags="SqlConnectionString">
    <parameterEntry kind="XmlFile" scope="obj\\Debug\\Package\\PackageTmp\\Web\.config$" match="/configuration/connectionStrings/add[@name='imo4Entities']/@connectionString" />
  </parameter>
</parameters>